{
  "HeightmapWidth": 256,
  "HeightmapHeight": 256,
  "HeightmapPixelPerWorldUnit": 1.0,
  "Layers": [
    {
      "Height": 53.3571434,
      "QuadraticSpline": 1.0,
      "PointSet": [
        [
          176.992477,
          178.900009,
          0.866677642
        ],
        [
          85.49907,
          4.01955128,
          0.301239938
        ],
        [
          22.8118076,
          226.865173,
          0.890229046
        ],
        [
          92.54308,
          35.16342,
          0.262226731
        ],
        [
          126.628029,
          44.71489,
          0.85741353
        ],
        [
          39.1489029,
          234.283035,
          0.6778828
        ],
        [
          224.743408,
          41.0805969,
          0.3110905
        ],
        [
          27.5490131,
          245.409042,
          0.9472349
        ],
        [
          196.982208,
          161.663757,
          0.6129649
        ],
        [
          128.854416,
          78.53084,
          0.01947237
        ],
        [
          99.43139,
          67.10962,
          0.51954186
        ],
        [
          168.276382,
          74.46426,
          0.524211347
        ],
        [
          95.05529,
          229.4143,
          0.6596901
        ],
        [
          254.226959,
          157.981,
          0.7122507
        ],
        [
          79.35477,
          38.8782043,
          0.375075668
        ],
        [
          11.5170908,
          159.830231,
          0.8360353
        ],
        [
          34.1380348,
          80.32891,
          0.378367454
        ],
        [
          154.8922,
          173.907623,
          0.937332869
        ],
        [
          116.736977,
          235.377335,
          0.58376354
        ],
        [
          189.490952,
          176.1984,
          0.564519
        ],
        [
          98.3558,
          222.9137,
          0.5857711
        ],
        [
          148.334335,
          190.127319,
          0.973092556
        ],
        [
          224.0538,
          85.29975,
          0.8373111
        ],
        [
          226.250626,
          4.657339,
          0.7816157
        ],
        [
          4.86872339,
          153.302979,
          0.8848298
        ]
      ],
      "Blending": "INTERPOLATE",
      "BlendFactor": 1.0,
      "Type": "MST Inverse Distance"
    },
    {
      "Height": 100.0,
      "HeightDependency": 0.0,
      "HeightDependencyOffset": 1.0,
      "GradientDependency": 0.0,
      "Blending": "REFRACTIVE",
      "BlendFactor": 1.0,
      "Type": "Value Noise"
    }
  ]
}