{
  "HeightmapWidth": 256,
  "HeightmapHeight": 256,
  "HeightmapPixelPerWorldUnit": 1.0,
  "Layers": [
    {
      "Height": 53.3571434,
      "QuadraticSpline": 1.0,
      "PointSet": {
        "Seed": 803,
        "Points": [
          [
            59.8452644,
            14.1770353,
            0.4324753
          ],
          [
            243.925613,
            76.49883,
            0.7490822
          ],
          [
            178.062134,
            82.44741,
            0.294753343
          ],
          [
            97.49398,
            97.53963,
            0.8865202
          ],
          [
            167.9,
            15.2472134,
            0.234493092
          ],
          [
            133.285553,
            218.830521,
            0.41070348
          ],
          [
            106.163551,
            131.059219,
            0.240112364
          ],
          [
            218.4755,
            142.685776,
            0.7029255
          ],
          [
            102.023659,
            83.27285,
            0.00224154536
          ],
          [
            59.59985,
            200.924484,
            0.3458512
          ],
          [
            163.03389,
            51.89553,
            0.969005346
          ],
          [
            30.785141,
            144.228073,
            0.0331322
          ],
          [
            49.89111,
            219.756729,
            0.624555349
          ],
          [
            231.251785,
            206.979614,
            0.9649735
          ],
          [
            141.505722,
            71.0625153,
            0.144144073
          ],
          [
            242.8504,
            9.452122,
            0.534891844
          ],
          [
            152.287628,
            179.7388,
            0.3533197
          ],
          [
            161.585022,
            20.65367,
            0.206125751
          ],
          [
            250.709213,
            186.76474,
            0.380350649
          ],
          [
            127.491264,
            191.191208,
            0.55430454
          ],
          [
            249.225983,
            242.918945,
            0.4627433
          ],
          [
            137.522919,
            234.8838,
            0.743984759
          ],
          [
            45.6441,
            51.54839,
            0.5356049
          ],
          [
            127.019135,
            201.253922,
            0.32575956
          ],
          [
            255.073792,
            70.43555,
            0.5113741
          ]
        ]
      },
      "Blending": "INTERPOLATE",
      "BlendFactor": 1.0,
      "Type": "MST Inverse Distance"
    },
    {
      "Height": 54.80357,
      "HeightDependency": 0.5,
      "HeightDependencyOffset": 1.0,
      "GradientDependency": 0.05,
      "Blending": "REFRACTIVE",
      "BlendFactor": 1.0,
      "Type": "Value Noise"
    }
  ]
}