{
  "HeightmapWidth": 256,
  "HeightmapHeight": 256,
  "HeightmapPixelPerWorldUnit": 1.0,
  "Layers": [
    {
      "Height": 53.3571434,
      "QuadraticSpline": 1.0,
      "PointSet": [
        [
          152.977325,
          231.315872,
          0.445267916
        ],
        [
          248.134155,
          98.17461,
          0.47194314
        ],
        [
          231.439331,
          225.1687,
          0.547413766
        ],
        [
          177.536133,
          124.974327,
          0.396099418
        ],
        [
          198.020645,
          14.1668577,
          0.2727835
        ],
        [
          50.8879776,
          218.804672,
          0.464564
        ],
        [
          121.666389,
          113.287895,
          0.3208447
        ],
        [
          167.404678,
          245.567535,
          0.0536770448
        ],
        [
          25.4430523,
          74.24746,
          0.4796931
        ],
        [
          44.5455055,
          150.732773,
          0.7778006
        ],
        [
          3.45916247,
          133.455841,
          0.480028659
        ],
        [
          225.497086,
          16.4079189,
          0.409925729
        ],
        [
          114.504463,
          139.830032,
          0.849378
        ],
        [
          18.8900013,
          123.414978,
          0.119365349
        ],
        [
          95.93895,
          92.92406,
          0.11874418
        ],
        [
          11.42396,
          99.0224838,
          0.568092048
        ],
        [
          63.7260666,
          33.02648,
          0.178725362
        ],
        [
          60.4824677,
          163.76709,
          0.219755039
        ],
        [
          3.52826977,
          100.247269,
          0.943643153
        ],
        [
          241.748337,
          254.016,
          0.8698871
        ],
        [
          23.927145,
          197.020966,
          0.730054
        ],
        [
          74.43593,
          234.514114,
          0.679988146
        ],
        [
          247.518478,
          220.891586,
          0.892670155
        ],
        [
          253.758942,
          157.48761,
          0.7514981
        ],
        [
          78.97464,
          51.57872,
          0.401470274
        ]
      ],
      "Blending": "INTERPOLATE",
      "BlendFactor": 1.0,
      "Type": "MST Inverse Distance"
    },
    {
      "Height": 54.80357,
      "HeightDependency": 0.5,
      "HeightDependencyOffset": 1.0,
      "GradientDependency": 0.05,
      "Blending": "REFRACTIVE",
      "BlendFactor": 1.0,
      "Type": "Value Noise"
    }
  ]
}